﻿<samlp:Response
   xmlns:samlp="urn:oasis:names:tc:SAML:2.0:protocol"
   xmlns:saml="urn:oasis:names:tc:SAML:2.0:assertion"
   ID="identifier_2"
   InResponseTo="identifier_1"
   Version="2.0"
   IssueInstant="2004-12-05T09:22:05Z"
   Destination="https://sp.example.com/SAML2/SSO/POST">
  <saml:Issuer>https://idp.example.org/SAML2</saml:Issuer>
  <samlp:Status>
    <samlp:StatusCode
      Value="urn:oasis:names:tc:SAML:2.0:status:Success"/>
  </samlp:Status>
  <saml:Assertion
    xmlns:saml="urn:oasis:names:tc:SAML:2.0:assertion"
    ID="identifier_3"
    Version="2.0"
    IssueInstant="2004-12-05T09:22:05Z">
    <saml:Issuer>https://idp.example.org/SAML2</saml:Issuer>
    <saml:Subject>
      <saml:NameID
        Format="urn:oasis:names:tc:SAML:2.0:nameid-format:transient">
        3f7b3dcf-1674-4ecd-92c8-1544f346baf8
      </saml:NameID>
      <saml:SubjectConfirmation
        Method="urn:oasis:names:tc:SAML:2.0:cm:bearer">
        <saml:SubjectConfirmationData
          InResponseTo="identifier_1"
          Recipient="https://sp.example.com/SAML2/SSO/POST"
          NotOnOrAfter="2004-12-05T09:27:05Z"/>
      </saml:SubjectConfirmation>
    </saml:Subject>
    <saml:Conditions
      NotBefore="2004-12-05T09:17:05Z"
      NotOnOrAfter="2004-12-05T09:27:05Z">
      <saml:AudienceRestriction>
        <saml:Audience>https://sp.example.com/SAML2</saml:Audience>
      </saml:AudienceRestriction>
    </saml:Conditions>
    <saml:AuthnStatement
      AuthnInstant="2004-12-05T09:22:00Z"
      SessionIndex="identifier_3">
      <saml:AuthnContext>
        <saml:AuthnContextClassRef>
          urn:oasis:names:tc:SAML:2.0:ac:classes:PasswordProtectedTransport
        </saml:AuthnContextClassRef>
      </saml:AuthnContext>
    </saml:AuthnStatement>
  </saml:Assertion>
</samlp:Response>
